"Young, C. W. Bill [Rep.-R-FL-10]",62
"Young, Don [Rep.-R-AK-At Large]",50
"Leahy, Patrick J. [Sen.-D-VT]",42
"Smith, Christopher H. [Rep.-R-NJ-4]",42
"Hatch, Orrin G. [Sen.-R-UT]",35
"Rangel, Charles B. [Rep.-D-NY-15]",33
"Feinstein, Dianne [Sen.-D-CA]",31
"Cornyn, John [Sen.-R-TX]",31
"Grassley, Chuck [Sen.-R-IA]",30
"Smith, Lamar [Rep.-R-TX-21]",28
"Campbell, Ben Nighthorse [Sen.-R-CO]",26
"Peters, Gary C. [Sen.-D-MI]",24
"Collins, Susan M. [Sen.-R-ME]",23
"Rogers, Harold [Rep.-R-KY-5]",23
"Schumer, Charles E. [Sen.-D-NY]",23
"Davis, Tom [Rep.-R-VA-11]",22
"Sensenbrenner, F. James, Jr. [Rep.-R-WI-5]",22
"Miller, Jeff [Rep.-R-FL-1]",20
"Klobuchar, Amy [Sen.-D-MN]",20
"Norton, Eleanor Holmes [Del.-D-DC-At Large]",19
"Akaka, Daniel K. [Sen.-D-HI]",19
"Domenici, Pete V. [Sen.-R-NM]",19
"Oberstar, James L. [Rep.-D-MN-8]",18
"Wyden, Ron [Sen.-D-OR]",18
"Durbin, Richard J. [Sen.-D-IL]",18
"Thune, John [Sen.-R-SD]",17
"Kennedy, Edward M. [Sen.-D-MA]",17
"Gibbons, Jim [Rep.-R-NV-2]",16
"Lugar, Richard G. [Sen.-R-IN]",16
"Murkowski, Lisa [Sen.-R-AK]",16
"Harkin, Tom [Sen.-D-IA]",16
"Johnson, Sam [Rep.-R-TX-3]",16
"Mica, John L. [Rep.-R-FL-7]",15
"Rubio, Marco [Sen.-R-FL]",15
"Walden, Greg [Rep.-R-OR-2]",15
"Cannon, Chris [Rep.-R-UT-3]",15
"Carper, Thomas R. [Sen.-D-DE]",14
"Cochran, Thad [Sen.-R-MS]",14
"Shuster, Bill [Rep.-R-PA-9]",14
"Enzi, Michael B. [Sen.-R-WY]",14
"Cummings, Elijah E. [Rep.-D-MD-7]",14
"Cuellar, Henry [Rep.-D-TX-28]",14
"Tester, Jon [Sen.-D-MT]",14
"Craig, Larry E. [Sen.-R-ID]",14
"Burns, Conrad R. [Sen.-R-MT]",14
"Inhofe, James M. [Sen.-R-OK]",14
"Dodd, Christopher J. [Sen.-D-CT]",13
"Miller, George [Rep.-D-CA-7]",13
"Lantos, Tom [Rep.-D-CA-12]",13
"Hansen, James V. [Rep.-R-UT-1]",13
"McCain, John [Sen.-R-AZ]",13
"Camp, Dave [Rep.-R-MI-4]",13
"Cardin, Benjamin L. [Sen.-D-MD]",13
"Boxer, Barbara [Sen.-D-CA]",13
"Lewis, Jerry [Rep.-R-CA-41]",13
"Voinovich, George V. [Sen.-R-OH]",13
"Reid, Harry [Sen.-D-NV]",13
"Johnson, Ron [Sen.-R-WI]",13
"Obey, David R. [Rep.-D-WI-7]",13
"Conyers, John, Jr. [Rep.-D-MI-14]",12
"Lowey, Nita M. [Rep.-D-NY-17]",12
"DeWine, Mike [Sen.-R-OH]",12
"Herger, Wally [Rep.-R-CA-2]",12
"Brady, Kevin [Rep.-R-TX-8]",12
"Kyl, Jon [Sen.-R-AZ]",12
"Royce, Edward R. [Rep.-R-CA-39]",12
"Boehner, John A. [Rep.-R-OH-8]",12
"Wicker, Roger F. [Sen.-R-MS]",12
"Levin, Carl [Sen.-D-MI]",12
"Bingaman, Jeff [Sen.-D-NM]",11
"Hutchison, Kay Bailey [Sen.-R-TX]",11
"Moran, Jerry [Sen.-R-KS]",11
"Issa, Darrell E. [Rep.-R-CA-49]",11
"Ros-Lehtinen, Ileana [Rep.-R-FL-18]",11
"Biden, Joseph R., Jr. [Sen.-D-DE]",11
"Simpson, Michael K. [Rep.-R-ID-2]",11
"Wolf, Frank R. [Rep.-R-VA-10]",11
"Burr, Richard [Sen.-R-NC]",11
"Lewis, John [Rep.-D-GA-5]",11
"Kingston, Jack [Rep.-R-GA-1]",11
"Reed, Jack [Sen.-D-RI]",11
"Brady, Robert A. [Rep.-D-PA-1]",11
"DeFazio, Peter A. [Rep.-D-OR-4]",11
"Portman, Rob [Sen.-R-OH]",10
"Roberts, Pat [Sen.-R-KS]",10
"Gilman, Benjamin A. [Rep.-R-NY-20]",10
"Sullivan, Dan [Sen.-R-AK]",10
"Alexander, Lamar [Sen.-R-TN]",10
"Thomas, William M. [Rep.-R-CA-22]",10
"Berman, Howard L. [Rep.-D-CA-28]",10
"Blunt, Roy [Sen.-R-MO]",10
"Ney, Robert W. [Rep.-R-OH-18]",10
"Smith, Gordon H. [Sen.-R-OR]",10
"Thomas, Craig [Sen.-R-WY]",10
"Rockefeller, John D., IV [Sen.-D-WV]",10
"Chabot, Steve [Rep.-R-OH-1]",10
"Crapo, Mike [Sen.-R-ID]",9
"Lott, Trent [Sen.-R-MS]",9
"Boren, Dan [Rep.-D-OK-2]",9
"Davis, Danny K. [Rep.-D-IL-7]",9
"Landrieu, Mary L. [Sen.-D-LA]",9
"Whitehouse, Sheldon [Sen.-D-RI]",9
"Boozman, John [Sen.-R-AR]",9
"Pallone, Frank, Jr. [Rep.-D-NJ-6]",9
"Gardner, Cory [Sen.-R-CO]",9
"Maloney, Carolyn B. [Rep.-D-NY-12]",9
"Frelinghuysen, Rodney P. [Rep.-R-NJ-11]",9
"DeLauro, Rosa L. [Rep.-D-CT-3]",9
"Thomas, William M. [Rep.-R-CA-21]",9
"McCaul, Michael T. [Rep.-R-TX-10]",9
"Weller, Jerry [Rep.-R-IL-11]",9
"Kildee, Dale E. [Rep.-D-MI-5]",9
"Butterfield, G. K. [Rep.-D-NC-1]",9
"Menendez, Robert [Sen.-D-NJ]",9
"McCarthy, Kevin [Rep.-R-CA-23]",9
"Kerry, John F. [Sen.-D-MA]",9
"Thompson, Mike [Rep.-D-CA-1]",9
"Allard, Wayne [Sen.-R-CO]",9
"Lieberman, Joseph I. [Sen.-ID-CT]",9
"Graves, Sam [Rep.-R-MO-6]",8
"Thompson, Bennie G. [Rep.-D-MS-2]",8
"Hunter, Duncan [Rep.-R-CA-52]",8
"Sensenbrenner, F. James, Jr. [Rep.-R-WI-9]",8
"Snowe, Olympia J. [Sen.-R-ME]",8
"Foxx, Virginia [Rep.-R-NC-5]",8
"\"McKeon, Howard P. \"\"Buck\"\" [Rep.-R-CA-25]\"",8
"Dingell, John D. [Rep.-D-MI-15]",8
"Pombo, Richard W. [Rep.-R-CA-11]",8
"Hobson, David L. [Rep.-R-OH-7]",8
"Murkowski, Frank H. [Sen.-R-AK]",8
"Harper, Gregg [Rep.-R-MS-3]",8
"Crowley, Joseph [Rep.-D-NY-7]",8
"Frank, Barney [Rep.-D-MA-4]",8
"Coble, Howard [Rep.-R-NC-6]",8
"Bachus, Spencer [Rep.-R-AL-6]",8
"Hyde, Henry J. [Rep.-R-IL-6]",8
"Brown-Waite, Ginny [Rep.-R-FL-5]",8
"Maloney, Carolyn B. [Rep.-D-NY-14]",8
"Udall, Tom [Rep.-D-NM-3]",8
"McConnell, Mitch [Sen.-R-KY]",8
"Levin, Sander M. [Rep.-D-MI-12]",8
"Skelton, Ike [Rep.-D-MO-4]",8
"Specter, Arlen [Sen.-R-PA]",8
"Regula, Ralph [Rep.-R-OH-16]",8
"Bond, Christopher S. [Sen.-R-MO]",8
"DeLay, Tom [Rep.-R-TX-22]",8
"Cohen, Steve [Rep.-D-TN-9]",8
"Isakson, Johnny [Sen.-R-GA]",8
"Nelson, Bill [Sen.-D-FL]",8
"Kennedy, John [Sen.-R-LA]",8
"Hurd, Will [Rep.-R-TX-23]",7
"Stabenow, Debbie [Sen.-D-MI]",7
"Gordon, Bart [Rep.-D-TN-6]",7
"Hirono, Mazie K. [Sen.-D-HI]",7
"Chaffetz, Jason [Rep.-R-UT-3]",7
"Stevens, Ted [Sen.-R-AK]",7
"Katko, John [Rep.-R-NY-24]",7
"Cubin, Barbara [Rep.-R-WY-At Large]",7
"Fossella, Vito [Rep.-R-NY-13]",7
"Roe, David P. [Rep.-R-TN-1]",7
"Upton, Fred [Rep.-R-MI-6]",7
"Johnson, Tim [Sen.-D-SD]",7
"Engel, Eliot L. [Rep.-D-NY-17]",7
"Renzi, Rick [Rep.-R-AZ-1]",7
"Castle, Michael N. [Rep.-R-DE-At Large]",7
"Bordallo, Madeleine Z. [Del.-D-GU-At Large]",7
"Leach, James A. [Rep.-R-IA-1]",7
"Rogers, Mike J. [Rep.-R-MI-8]",7
"Sessions, Jeff [Sen.-R-AL]",7
"Davis, Jo Ann [Rep.-R-VA-1]",7
"McCaskill, Claire [Sen.-D-MO]",7
"Casey, Robert P., Jr. [Sen.-D-PA]",7
"Baucus, Max [Sen.-D-MT]",7
"Goss, Porter J. [Rep.-R-FL-14]",7
"Stump, Bob [Rep.-R-AZ-3]",7
"Merkley, Jeff [Sen.-D-OR]",7
"Watson, Diane E. [Rep.-D-CA-33]",7
"Peterson, Collin C. [Rep.-D-MN-7]",7
"Udall, Tom [Sen.-D-NM]",7
"Murray, Patty [Sen.-D-WA]",7
"Goodlatte, Bob [Rep.-R-VA-6]",7
"Poe, Ted [Rep.-R-TX-2]",7
"Tauzin, W. J. (Billy) [Rep.-R-LA-3]",7
"Santorum, Rick [Sen.-R-PA]",7
"Tiberi, Patrick J. [Rep.-R-OH-12]",7
"Saxton, Jim [Rep.-R-NJ-3]",7
"King, Peter T. [Rep.-R-NY-3]",6
"Lee, Mike [Sen.-R-UT]",6
"Gilchrest, Wayne T. [Rep.-R-MD-1]",6
"Guthrie, Brett [Rep.-R-KY-2]",6
"Cassidy, Bill [Sen.-R-LA]",6
"Costello, Jerry F. [Rep.-D-IL-12]",6
"Inouye, Daniel K. [Sen.-D-HI]",6
"Morella, Constance A. [Rep.-R-MD-8]",6
"Velazquez, Nydia M. [Rep.-D-NY-12]",6
"Schiff, Adam B. [Rep.-D-CA-29]",6
"Bereuter, Doug [Rep.-R-NE-1]",6
"Hoeven, John [Sen.-R-ND]",6
"Christensen, Donna M. [Del.-D-VI-At Large]",6
"Shaheen, Jeanne [Sen.-D-NH]",6
"Sarbanes, Paul S. [Sen.-D-MD]",6
"Latta, Robert E. [Rep.-R-OH-5]",6
"Stupak, Bart [Rep.-D-MI-1]",6
"Toomey, Patrick [Sen.-R-PA]",6
"Kline, John [Rep.-R-MN-2]",6
"Cantor, Eric [Rep.-R-VA-7]",6
"Bishop, Rob [Rep.-R-UT-1]",6
"Kelly, Robin L. [Rep.-D-IL-2]",6
"Fortuno, Luis G. [Resident Commissioner-R-PR-At Large]",6
"Frist, William H. [Sen.-R-TN]",6
"McGovern, James P. [Rep.-D-MA-3]",6
"Hastert, J. Dennis [Rep.-R-IL-14]",6
"Moore, Dennis [Rep.-D-KS-3]",6
"Walsh, James T. [Rep.-R-NY-25]",6
"Cantwell, Maria [Sen.-D-WA]",6
"Clay, Wm. Lacy [Rep.-D-MO-1]",6
"Helms, Jesse [Sen.-R-NC]",6
"Baker, Richard H. [Rep.-R-LA-6]",6
"Jackson Lee, Sheila [Rep.-D-TX-18]",6
"Jeffries, Hakeem S. [Rep.-D-NY-8]",6
"\"Johnson, Henry C. \"\"Hank",6
"Blumenauer, Earl [Rep.-D-OR-3]",6
"Green, Gene [Rep.-D-TX-29]",6
"Duckworth, Tammy [Sen.-D-IL]",6
"Takano, Mark [Rep.-D-CA-41]",6
"Smith, Nick [Rep.-R-MI-7]",6
"Gekas, George W. [Rep.-R-PA-17]",6
"Lowey, Nita M. [Rep.-D-NY-18]",6
"Etheridge, Bob [Rep.-D-NC-2]",6
"Reyes, Silvestre [Rep.-D-TX-16]",6
"Calvert, Ken [Rep.-R-CA-43]",6
"Tipton, Scott  R. [Rep.-R-CO-3]",6
"Sununu, John E. [Sen.-R-NH]",6
"Coffman, Mike [Rep.-R-CO-6]",6
"Baird, Brian [Rep.-D-WA-3]",6
"Oxley, Michael G. [Rep.-R-OH-4]",6
"Hoyer, Steny H. [Rep.-D-MD-5]",6
"Bilirakis, Michael [Rep.-R-FL-9]",6
"Hall, Ralph M. [Rep.-R-TX-4]",6
"Ehlers, Vernon J. [Rep.-R-MI-3]",6
"Corker, Bob [Sen.-R-TN]",5
"Blunt, Roy [Rep.-R-MO-7]",5
"\"Carter, Earl L. \"\"Buddy\"\" [Rep.-R-GA-1]\"",5
"Neugebauer, Randy [Rep.-R-TX-19]",5
"Deal, Nathan [Rep.-R-GA-9]",5
"Sewell, Terri A. [Rep.-D-AL-7]",5
"Udall, Mark [Rep.-D-CO-2]",5
"Doolittle, John T. [Rep.-R-CA-4]",5
"Matsui, Doris O. [Rep.-D-CA-6]",5
"Mikulski, Barbara A. [Sen.-D-MD]",5
"McDermott, Jim [Rep.-D-WA-7]",5
"Skeen, Joe [Rep.-R-NM-2]",5
"Filner, Bob [Rep.-D-CA-51]",5
"Gosar, Paul A. [Rep.-R-AZ-4]",5
"Gregg, Judd [Sen.-R-NH]",5
"Clyburn, James E. [Rep.-D-SC-6]",5
"Hill, J. French [Rep.-R-AR-2]",5
"Walz, Timothy J. [Rep.-D-MN-1]",5
"Hayes, Robin [Rep.-R-NC-8]",5
"Russell, Steve [Rep.-R-OK-5]",5
"Brooks, Susan W. [Rep.-R-IN-5]",5
"Hart, Melissa A. [Rep.-R-PA-4]",5
"Inslee, Jay [Rep.-D-WA-1]",5
"Daines, Steve [Sen.-R-MT]",5
"Thune, John [Rep.-R-SD-At Large]",5
"Brown, Sherrod [Sen.-D-OH]",5
"Blackburn, Marsha [Rep.-R-TN-7]",5
"Portman, Rob [Rep.-R-OH-2]",5
"Pitts, Joseph R. [Rep.-R-PA-16]",5
"Istook, Ernest J., Jr. [Rep.-R-OK-5]",5
"Manzullo, Donald A. [Rep.-R-IL-16]",5
"Thornberry, Mac [Rep.-R-TX-13]",5
"Pryor, Mark L. [Sen.-D-AR]",5
"Millender-McDonald, Juanita [Rep.-D-CA-37]",5
"Carter, John R. [Rep.-R-TX-31]",5
"Lazio, Rick [Rep.-R-NY-2]",5
"Scott, David [Rep.-D-GA-13]",5
"McCrery, Jim [Rep.-R-LA-4]",5
"Moran, Jerry [Rep.-R-KS-1]",5
"Cole, Tom [Rep.-R-OK-4]",5
"Neguse, Joe [Rep.-D-CO-2]",5
"Conaway, K. Michael [Rep.-R-TX-11]",5
"Fischer, Deb [Sen.-R-NE]",5
"Rush, Bobby L. [Rep.-D-IL-1]",5
"LoBiondo, Frank A. [Rep.-R-NJ-2]",5
"Denham, Jeff [Rep.-R-CA-10]",5
"Wagner, Ann [Rep.-R-MO-2]",5
"Larson, John B. [Rep.-D-CT-1]",5
"Solis, Hilda L. [Rep.-D-CA-32]",5
"Reichert, David G. [Rep.-R-WA-8]",5
"\"Scott, Robert C. \"\"Bobby\"\" [Rep.-D-VA-3]\"",5
"Hastings, Doc [Rep.-R-WA-4]",5
"Luria, Elaine G. [Rep.-D-VA-2]",5
"Cicilline, David N. [Rep.-D-RI-1]",5
"Knight, Stephen [Rep.-R-CA-25]",5
"Daschle, Thomas A. [Sen.-D-SD]",5
"Gerlach, Jim [Rep.-R-PA-6]",5
"Davis, Rodney [Rep.-R-IL-13]",5
"Burgess, Michael C. [Rep.-R-TX-26]",5
"Gallegly, Elton [Rep.-R-CA-24]",5
"Warner, Mark R. [Sen.-D-VA]",5
"Bustos, Cheri [Rep.-D-IL-17]",5
"Shimkus, John [Rep.-R-IL-20]",5
"Combest, Larry [Rep.-R-TX-19]",5
"Khanna, Ro [Rep.-D-CA-17]",5
"Vitter, David [Sen.-R-LA]",5
"Murtha, John P. [Rep.-D-PA-12]",5
"Taylor, Charles H. [Rep.-R-NC-11]",5
"Barletta, Lou [Rep.-R-PA-11]",5
"Horn, Stephen [Rep.-R-CA-38]",5
"Hollings, Ernest F. [Sen.-D-SC]",5
"Soto, Darren [Rep.-D-FL-9]",4
"Lamborn, Doug [Rep.-R-CO-5]",4
"McClintock, Tom [Rep.-R-CA-4]",4
"Grijalva, Ra��l M. [Rep.-D-AZ-7]",4
"Baldwin, Tammy [Sen.-D-WI]",4
"Brownback, Sam [Sen.-R-KS]",4
"Hinojosa, Ruben [Rep.-D-TX-15]",4
"Scott, Tim [Sen.-R-SC]",4
"McMorris Rodgers, Cathy [Rep.-R-WA-5]",4
"Armey, Richard K. [Rep.-R-TX-26]",4
"Lofgren, Zoe [Rep.-D-CA-16]",4
"Yarmuth, John A. [Rep.-D-KY-3]",4
"Comstock, Barbara [Rep.-R-VA-10]",4
"Pascrell, Bill, Jr. [Rep.-D-NJ-9]",4
"Dent, Charles W. [Rep.-R-PA-15]",4
"Heck, Joseph J. [Rep.-R-NV-3]",4
"Barton, Joe [Rep.-R-TX-6]",4
"Walberg, Tim [Rep.-R-MI-7]",4
"Lewis, Jerry [Rep.-R-CA-40]",4
"Underwood, Robert A. [Del.-D-GU-At Large]",4
"Herrera Beutler, Jaime [Rep.-R-WA-3]",4
"Gallegly, Elton [Rep.-R-CA-23]",4
"Velazquez, Nydia M. [Rep.-D-NY-7]",4
"Tillis, Thomas [Sen.-R-NC]",4
"Shuster, Bud [Rep.-R-PA-9]",4
"Post Office Building\"\".\"",4
"Burr, Richard [Rep.-R-NC-5]",4
"Lynch, Stephen F. [Rep.-D-MA-8]",4
"Allen, George [Sen.-R-VA]",4
"Doggett, Lloyd [Rep.-D-TX-25]",4
"Moran, James P. [Rep.-D-VA-8]",4
"Pearce, Stevan [Rep.-R-NM-2]",4
"Cox, Christopher [Rep.-R-CA-47]",4
"Warner, John [Sen.-R-VA]",4
"Braun, Mike [Sen.-R-IN]",4
"Reed, Tom [Rep.-R-NY-23]",4
"Feingold, Russell D. [Sen.-D-WI]",4
"Bost, Mike [Rep.-R-IL-12]",4
"Roemer, Tim [Rep.-D-IN-3]",4
"Pelosi, Nancy [Rep.-D-CA-8]",4
"Kennedy, Patrick J. [Rep.-D-RI-1]",4
"Faleomavaega, Eni F. H. [Del.-D-AS-At Large]",4
"Bishop, Sanford D., Jr. [Rep.-D-GA-2]",4
"Lincoln, Blanche L. [Sen.-D-AR]",4
"Brown, Sherrod [Rep.-D-OH-13]",4
"Green, Mark [Rep.-R-WI-8]",4
"Cortez Masto, Catherine [Sen.-D-NV]",4
"Gutierrez, Luis V. [Rep.-D-IL-4]",4
"Johnson, Bill [Rep.-R-OH-6]",4
"Nickles, Don [Sen.-R-OK]",4
"Kind, Ron [Rep.-D-WI-3]",4
"Meehan, Patrick [Rep.-R-PA-7]",4
"Shelby, Richard C. [Sen.-R-AL]",4
"Chafee, John H. [Sen.-R-RI]",4
"Neal, Richard E. [Rep.-D-MA-1]",4
"Graham, Bob [Sen.-D-FL]",4
"Ros-Lehtinen, Ileana [Rep.-R-FL-27]",4
"Miller, Candice S. [Rep.-R-MI-10]",4
"Edwards, Chet [Rep.-D-TX-17]",4
"Biggert, Judy [Rep.-R-IL-13]",4
"Thompson, Mike [Rep.-D-CA-5]",4
"Jones, Walter B., Jr. [Rep.-R-NC-3]",4
"Graham, Lindsey [Sen.-R-SC]",4
"Knollenberg, Joe [Rep.-R-MI-9]",4
"Radanovich, George [Rep.-R-CA-19]",4
"Baca, Joe [Rep.-D-CA-43]",4
"Brown, Corrine [Rep.-D-FL-3]",4
"Collins, Chris [Rep.-R-NY-27]",4
"Hefley, Joel [Rep.-R-CO-5]",4
"Mullin, Markwayne [Rep.-R-OK-2]",4
"Jindal, Bobby [Rep.-R-LA-1]",4
"Bono, Mary [Rep.-R-CA-45]",4
"Crane, Philip M. [Rep.-R-IL-8]",4
"Dicks, Norman D. [Rep.-D-WA-6]",4
"Flake, Jeff [Sen.-R-AZ]",4
"Shimkus, John [Rep.-R-IL-19]",4
"Heitkamp, Heidi [Sen.-D-ND]",4
"McCarthy, Carolyn [Rep.-D-NY-4]",4
"Kolbe, Jim [Rep.-R-AZ-5]",4
"Nolan, Richard M. [Rep.-D-MN-8]",4
"Connolly, Gerald E. [Rep.-D-VA-11]",4
"Rahall, Nick J., II [Rep.-D-WV-3]",4
"Conrad, Kent [Sen.-D-ND]",4
"Stearns, Cliff [Rep.-R-FL-6]",4
"Wittman, Robert J. [Rep.-R-VA-1]",4
"Carnahan, Russ [Rep.-D-MO-3]",4
"Kaptur, Marcy [Rep.-D-OH-9]",3
"Boustany, Charles W., Jr. [Rep.-R-LA-7]",3
"Hagel, Chuck [Sen.-R-NE]",3
"Ensign, John [Sen.-R-NV]",3
"Carney, Christopher P. [Rep.-D-PA-10]",3
"Abraham, Spencer [Sen.-R-MI]",3
"Bennett, Robert F. [Sen.-R-UT]",3
"Holt, Rush [Rep.-D-NJ-12]",3
"Jenkins, William L. [Rep.-R-TN-1]",3
"Lungren, Daniel E. [Rep.-R-CA-3]",3
"Musgrave, Marilyn N. [Rep.-R-CO-4]",3
"Hill, Baron P. [Rep.-D-IN-9]",3
"Smith, Adam [Rep.-D-WA-9]",3
"Waxman, Henry A. [Rep.-D-CA-30]",3
"Ballenger, Cass [Rep.-R-NC-10]",3
"Payne, Donald M., Jr. [Rep.-D-NJ-10]",3
"Wicker, Roger F. [Rep.-R-MS-1]",3
"Doggett, Lloyd [Rep.-D-TX-35]",3
"McCollum, Bill [Rep.-R-FL-8]",3
"Nadler, Jerrold [Rep.-D-NY-10]",3
"Bucshon, Larry [Rep.-R-IN-8]",3
"O'Halleran, Tom [Rep.-D-AZ-1]",3
"Ortiz, Solomon P. [Rep.-D-TX-27]",3
"Borski, Robert A. [Rep.-D-PA-3]",3
"Griffith, H. Morgan [Rep.-R-VA-9]",3
"Collins, Doug [Rep.-R-GA-9]",3
"Otter, C. L. (Butch) [Rep.-R-ID-1]",3
"Moynihan, Daniel Patrick [Sen.-D-NY]",3
0,3
"Farr, Sam [Rep.-D-CA-17]",3
"Barrasso, John [Sen.-R-WY]",3
"Fitzgerald, Peter [Sen.-R-IL]",3
"Rehberg, Dennis R. [Rep.-R-MT-At Large]",3
"Lewis, Ron [Rep.-R-KY-2]",3
"Duncan, Jeff [Rep.-R-SC-3]",3
"Royce, Edward R. [Rep.-R-CA-40]",3
"Sires, Albio [Rep.-D-NJ-13]",3
"Granger, Kay [Rep.-R-TX-12]",3
"Boehlert, Sherwood [Rep.-R-NY-24]",3
"LaHood, Ray [Rep.-R-IL-18]",3
"Altmire, Jason [Rep.-D-PA-4]",3
"Nadler, Jerrold [Rep.-D-NY-8]",3
"Schatz, Brian [Sen.-D-HI]",3
"Hanna, Richard L. [Rep.-R-NY-24]",3
"Kennedy, Joseph P., III [Rep.-D-MA-4]",3
"Maloney, Sean Patrick [Rep.-D-NY-18]",3
"Bunning, Jim [Sen.-R-KY]",3
"Chambliss, Saxby [Sen.-R-GA]",3
"Simmons, Rob [Rep.-R-CT-2]",3
"Wexton, Jennifer [Rep.-D-VA-10]",3
"Barrett, Bill [Rep.-R-NE-3]",3
"Fortenberry, Jeff [Rep.-R-NE-1]",3
"Quigley, Mike [Rep.-D-IL-5]",3
"Visclosky, Peter J. [Rep.-D-IN-1]",3
"Towns, Edolphus [Rep.-D-NY-10]",3
"Heinrich, Martin [Rep.-D-NM-1]",3
"English, Phil [Rep.-R-PA-3]",3
"Salazar, Ken [Sen.-D-CO]",3
"Clinton, Hillary Rodham [Sen.-D-NY]",3
"Olver, John W. [Rep.-D-MA-1]",3
"Snyder, Vic [Rep.-D-AR-2]",3
"McKinley, David B. [Rep.-R-WV-1]",3
"Bono, Mary [Rep.-R-CA-44]",3
"Barr, Andy [Rep.-R-KY-6]",3
"Roybal-Allard, Lucille [Rep.-D-CA-34]",3
"Talent, Jim [Sen.-R-MO]",3
"Archer, Bill [Rep.-R-TX-7]",3
"Hudson, Richard [Rep.-R-NC-8]",3
"Higgins, Brian [Rep.-D-NY-27]",3
"Slaughter, Louise McIntosh [Rep.-D-NY-25]",3
"Keller, Ric [Rep.-R-FL-8]",3
"Boozman, John [Rep.-R-AR-3]",3
"Talent, Jim [Rep.-R-MO-2]",3
"Radewagen, Aumua Amata Coleman [Del.-R-AS-At Large]",3
"Bono Mack, Mary [Rep.-R-CA-45]",3
"Crenshaw, Ander [Rep.-R-FL-4]",3
"Swalwell, Eric [Rep.-D-CA-15]",3
"Langevin, James R. [Rep.-D-RI-2]",3
"Boswell, Leonard L. [Rep.-D-IA-3]",3
"Boehlert, Sherwood [Rep.-R-NY-23]",3
"Bliley, Tom [Rep.-R-VA-7]",3
"Luetkemeyer, Blaine [Rep.-R-MO-3]",3
"Graves, Garret [Rep.-R-LA-6]",3
"Garrett, Scott [Rep.-R-NJ-5]",3
"Levin, Mike [Rep.-D-CA-49]",3
"Bilirakis, Gus M. [Rep.-R-FL-12]",3
"Lamb, Conor [Rep.-D-PA-17]",3
"Gowdy, Trey [Rep.-R-SC-4]",3
"Davis, Geoff [Rep.-R-KY-4]",3
"Pryce, Deborah [Rep.-R-OH-15]",3
"Thompson, Fred [Sen.-R-TN]",3
"Esty, Elizabeth H. [Rep.-D-CT-5]",3
"United States Courthouse\"\".\"",3
"Cravaack, Chip [Rep.-R-MN-8]",3
"Berry, Marion [Rep.-D-AR-1]",3
"Grijalva, Raúl M. [Rep.-D-AZ-3]",3
"LaTourette, Steven C. [Rep.-R-OH-14]",3
"Boucher, Rick [Rep.-D-VA-9]",3
"Stivers, Steve [Rep.-R-OH-15]",3
"Johnson, Eddie Bernice [Rep.-D-TX-30]",3
"Aderholt, Robert B. [Rep.-R-AL-4]",3
"Matheson, Jim [Rep.-D-UT-2]",3
"Gillmor, Paul E. [Rep.-R-OH-5]",3
"Hassan, Margaret Wood [Sen.-D-NH]",3
"Adams, Alma S. [Rep.-D-NC-12]",3
"Sablan, Gregorio Kilili Camacho [Del.-D-MP-At Large]",3
"Lucas, Frank D. [Rep.-R-OK-3]",3
"Brownley, Julia [Rep.-D-CA-26]",3
"Posey, Bill [Rep.-R-FL-8]",3
"Akin, W. Todd [Rep.-R-MO-2]",3
"Shaw, E. Clay, Jr. [Rep.-R-FL-22]",3
"Gallego, Ruben [Rep.-D-AZ-7]",3
"Booker, Cory A. [Sen.-D-NJ]",3
"McClain, Lisa C. [Rep.-R-MI-10]",3
"Hall, John J. [Rep.-D-NY-19]",3
"Kolbe, Jim [Rep.-R-AZ-8]",3
"Hastings, Alcee L. [Rep.-D-FL-23]",3
"Hartzler, Vicky [Rep.-R-MO-4]",3
"Tanner, John S. [Rep.-D-TN-8]",3
"Reynolds, Thomas M. [Rep.-R-NY-27]",3
"Kilmer, Derek [Rep.-D-WA-6]",3
"Delgado, Antonio [Rep.-D-NY-19]",3
"Kaine, Tim [Sen.-D-VA]",3
"Grimm, Michael G. [Rep.-R-NY-13]",3
"Wamp, Zach [Rep.-R-TN-3]",3
"Kucinich, Dennis J. [Rep.-D-OH-10]",3
"Heck, Denny [Rep.-D-WA-10]",3
"Kohl, Herb [Sen.-D-WI]",3
"Murphy, Stephanie N. [Rep.-D-FL-7]",3
"Kuster, Ann M. [Rep.-D-NH-2]",3
"Begich, Mark [Sen.-D-AK]",3
"Bishop, Timothy H. [Rep.-D-NY-1]",3
"\"Pickering, Charles W. \"\"Chip\"\" [Rep.-R-MS-3]\"",3
"Rothman, Steven R. [Rep.-D-NJ-9]",3
"Ramstad, Jim [Rep.-R-MN-3]",3
"McInnis, Scott [Rep.-R-CO-3]",3
"Meng, Grace [Rep.-D-NY-6]",3
"Trone, David J. [Rep.-D-MD-6]",3
"Wilson, Heather [Rep.-R-NM-1]",3
"Kirkpatrick, Ann [Rep.-D-AZ-1]",3
"Larsen, Rick [Rep.-D-WA-2]",3
"Courtney, Joe [Rep.-D-CT-2]",3
"Doyle, Michael F. [Rep.-D-PA-14]",3
"Emerson, Jo Ann [Rep.-R-MO-8]",3
"Cárdenas, Tony [Rep.-D-CA-29]",3
"Foley, Mark [Rep.-R-FL-16]",3
"Price, David E. [Rep.-D-NC-4]",3
"Bartlett, Roscoe G. [Rep.-R-MD-6]",3
"Dold, Robert J. [Rep.-R-IL-10]",3
"Mrvan, Frank J. [Rep.-D-IN-1]",2
"Wilson, Frederica S. [Rep.-D-FL-24]",2
"Cramer, Kevin [Rep.-R-ND-At Large]",2
"Capps, Lois [Rep.-D-CA-24]",2
"King, Peter T. [Rep.-R-NY-2]",2
"Young, Todd [Sen.-R-IN]",2
"Lieu, Ted [Rep.-D-CA-33]",2
"Fincher, Stephen Lee [Rep.-R-TN-8]",2
"Mahoney, Tim [Rep.-D-FL-16]",2
"Black, Diane [Rep.-R-TN-6]",2
"Tiahrt, Todd [Rep.-R-KS-4]",2
"Perdue, David [Sen.-R-GA]",2
"Crowley, Joseph [Rep.-D-NY-14]",2
"Sanders, Bernard [Sen.-I-VT]",2
"Pascrell, Bill, Jr. [Rep.-D-NJ-8]",2
"McCollum, Betty [Rep.-D-MN-4]",2
"Miller, Gary G. [Rep.-R-CA-41]",2
"Kelly, Mike [Rep.-R-PA-3]",2
"Rogan, James E. [Rep.-R-CA-27]",2
"MacArthur, Thomas [Rep.-R-NJ-3]",2
"Blum, Rod [Rep.-R-IA-1]",2
"Burton, Dan [Rep.-R-IN-6]",2
"Torricelli, Robert G. [Sen.-D-NJ]",2
"Denham, Jeff [Rep.-R-CA-19]",2
"Weldon, Curt [Rep.-R-PA-7]",2
"Luetkemeyer, Blaine [Rep.-R-MO-9]",2
"Flake, Jeff [Rep.-R-AZ-6]",2
"Waters, Maxine [Rep.-D-CA-35]",2
"Shays, Christopher [Rep.-R-CT-4]",2
"Banks, Jim [Rep.-R-IN-3]",2
"Bass, Charles F. [Rep.-R-NH-2]",2
"Stefanik, Elise M. [Rep.-R-NY-21]",2
"Huizenga, Bill [Rep.-R-MI-2]",2
"Tonko, Paul [Rep.-D-NY-20]",2
"Carson, Andre [Rep.-D-IN-7]",2
"Davis, Jim [Rep.-D-FL-11]",2
"Ryan, Paul [Rep.-R-WI-1]",2
"Bayh, Evan [Sen.-D-IN]",2
"Nussle, Jim [Rep.-R-IA-2]",2
"Toomey, Patrick J. [Rep.-R-PA-15]",2
"McSally, Martha [Rep.-R-AZ-2]",2
"Joyce, David P. [Rep.-R-OH-14]",2
"Capito, Shelley Moore [Sen.-R-WV]",2
"Nunnelee, Alan [Rep.-R-MS-1]",2
"Hare, Phil [Rep.-D-IL-17]",2
"McBath, Lucy [Rep.-D-GA-6]",2
"Suozzi, Thomas R. [Rep.-D-NY-3]",2
"Meadows, Mark [Rep.-R-NC-11]",2
"Miller, Brad [Rep.-D-NC-13]",2
"Dole, Elizabeth [Sen.-R-NC]",2
"Taylor, Scott [Rep.-R-VA-2]",2
"Eshoo, Anna G. [Rep.-D-CA-14]",2
"Bentsen, Ken [Rep.-D-TX-25]",2
"Chocola, Chris [Rep.-R-IN-2]",2
"Rice, Tom [Rep.-R-SC-7]",2
"Boccieri, John A. [Rep.-D-OH-16]",2
"Gejdenson, Sam [Rep.-D-CT-2]",2
"Zeldin, Lee M. [Rep.-R-NY-1]",2
"Meeks, Gregory W. [Rep.-D-NY-6]",2
"Mollohan, Alan B. [Rep.-D-WV-1]",2
"Ryun, Jim [Rep.-R-KS-2]",2
"Himes, James A. [Rep.-D-CT-4]",2
"Christensen, Donna MC [Del.-D-VI-At Large]",2
"Paulsen, Erik [Rep.-R-MN-3]",2
"Richardson, Laura [Rep.-D-CA-37]",2
"Dunn, Jennifer [Rep.-R-WA-8]",2
"Goodling, William F. [Rep.-R-PA-19]",2
"Olson, Pete [Rep.-R-TX-22]",2
"Menendez, Robert [Rep.-D-NJ-13]",2
"Pastor, Ed [Rep.-D-AZ-4]",2
"Bergman, Jack [Rep.-R-MI-1]",2
"Risch, James E. [Sen.-R-ID]",2
"Rohrabacher, Dana [Rep.-R-CA-45]",2
"Schakowsky, Janice D. [Rep.-D-IL-9]",2
"Demings, Val Butler [Rep.-D-FL-10]",2
"Bishop, Mike [Rep.-R-MI-8]",2
"McGovern, James P. [Rep.-D-MA-2]",2
"LaMalfa, Doug [Rep.-R-CA-1]",2
"Rooney, Thomas J. [Rep.-R-FL-16]",2
"Gonzalez, Charles A. [Rep.-D-TX-20]",2
"Goode, Virgil H., Jr. [Rep.-I-VA-5]",2
"LaHood, Darin [Rep.-R-IL-18]",2
"Terry, Lee [Rep.-R-NE-2]",2
"Westerman, Bruce [Rep.-R-AR-4]",2
"Gingrey, Phil [Rep.-R-GA-11]",2
"Obama, Barack [Sen.-D-IL]",2
"Heller, Dean [Sen.-R-NV]",2
"Coburn, Tom [Sen.-R-OK]",2
"Grimm, Michael G. [Rep.-R-NY-11]",2
"Meeks, Gregory W. [Rep.-D-NY-5]",2
"Harris, Katherine [Rep.-R-FL-13]",2
"Sinema, Kyrsten [Sen.-D-AZ]",2
"Curtis, John R. [Rep.-R-UT-3]",2
"Emmer, Tom [Rep.-R-MN-6]",2
"Brown, Scott P. [Sen.-R-MA]",2
"Cook, Merrill [Rep.-R-UT-2]",2
"McCarthy, Karen [Rep.-D-MO-5]",2
"Ryan, Tim [Rep.-D-OH-17]",2
"Wu, David [Rep.-D-OR-1]",2
"Roskam, Peter J. [Rep.-R-IL-6]",2
"Bilbray, Brian P. [Rep.-R-CA-49]",2
"Duffy, Sean P. [Rep.-R-WI-7]",2
"Davis, Susan A. [Rep.-D-CA-53]",2
"Critz, Mark S. [Rep.-D-PA-12]",2
"Acevedo-Vila, Anibal [Resident Commissioner-D-PR-At Large]",2
"Case, Ed [Rep.-D-HI-2]",2
"Lawrence, Brenda L. [Rep.-D-MI-14]",2
"Hultgren, Randy [Rep.-R-IL-14]",2
"Cox, Christopher [Rep.-R-CA-48]",2
"Westmoreland, Lynn A. [Rep.-R-GA-3]",2
"Byrne, Bradley [Rep.-R-AL-1]",2
"Cartwright, Matt [Rep.-D-PA-17]",2
"Ose, Doug [Rep.-R-CA-3]",2
"Young, David [Rep.-R-IA-3]",2
"Herseth Sandlin, Stephanie [Rep.-D-SD-At Large]",2
"Arcuri, Michael A. [Rep.-D-NY-24]",2
"Brindisi, Anthony [Rep.-D-NY-22]",2
"Welch, Peter [Rep.-D-VT-At Large]",2
"Mink, Patsy T. [Rep.-D-HI-2]",2
"Lujan, Ben Ray [Sen.-D-NM]",2
"Coons, Christopher A. [Sen.-D-DE]",2
"Woolsey, Lynn C. [Rep.-D-CA-6]",2
"Tancredo, Thomas G. [Rep.-R-CO-6]",2
"Calvert, Ken [Rep.-R-CA-42]",2
"Ashford, Brad [Rep.-D-NE-2]",2
"Knollenberg, Joe [Rep.-R-MI-11]",2
"Gorton, Slade [Sen.-R-WA]",2
"Serrano, Jose E. [Rep.-D-NY-15]",2
"Griffin, Tim [Rep.-R-AR-2]",2
"Grijalva, Raúl M. [Rep.-D-AZ-7]",2
"Burns, Max [Rep.-R-GA-12]",2
"Leach, James A. [Rep.-R-IA-2]",2
"Ryan, Tim [Rep.-D-OH-13]",2
"Palazzo, Steven M. [Rep.-R-MS-4]",2
"Phillips, Dean [Rep.-D-MN-3]",2
"Turner, Jim [Rep.-D-TX-2]",2
"Baldwin, Tammy [Rep.-D-WI-2]",2
"Marino, Tom [Rep.-R-PA-10]",2
"Ratcliffe, John [Rep.-R-TX-4]",2
"Sullivan, John [Rep.-R-OK-1]",2
"Guest, Michael [Rep.-R-MS-3]",2
"Greenwood, James C. [Rep.-R-PA-8]",2
"Rosen, Jacky [Sen.-D-NV]",2
"Smith, Adrian [Rep.-R-NE-3]",2
"Gibbs, Bob [Rep.-R-OH-7]",2
"Markey, Edward J. [Sen.-D-MA]",2
"Gonzalez, Anthony [Rep.-R-OH-16]",2
"Hooley, Darlene [Rep.-D-OR-5]",2
"Ernst, Joni [Sen.-R-IA]",2
"Engel, Eliot L. [Rep.-D-NY-16]",2
"Axne, Cynthia [Rep.-D-IA-3]",2
"Lesko, Debbie [Rep.-R-AZ-8]",2
"Graves, Tom [Rep.-R-GA-14]",2
"Cleaver, Emanuel [Rep.-D-MO-5]",2
"Hutchinson, Asa [Rep.-R-AR-3]",2
"Sweeney, John E. [Rep.-R-NY-22]",2
"Gallagher, Mike [Rep.-R-WI-8]",2
"Meehan, Martin T. [Rep.-D-MA-5]",2
"Deal, Nathan [Rep.-R-GA-10]",2
"Scarborough, Joe [Rep.-R-FL-1]",2
"Lawson, Al, Jr. [Rep.-D-FL-5]",2
"Ryan, Paul D. [Rep.-R-WI-1]",2
"Dingell, Debbie [Rep.-D-MI-12]",2
"Schaffer, Bob [Rep.-R-CO-4]",2
"Rehberg, Denny [Rep.-R-MT-At Large]",2
"Sessions, Pete [Rep.-R-TX-32]",2
"Coverdell, Paul [Sen.-R-GA]",2
"DelBene, Suzan K. [Rep.-D-WA-1]",2
"Bacon, Don [Rep.-R-NE-2]",2
"Thompson, Glenn [Rep.-R-PA-5]",2
"Porter, Jon C. [Rep.-R-NV-3]",2
"Espaillat, Adriano [Rep.-D-NY-13]",2
"Dreier, David [Rep.-R-CA-28]",2
"Lautenberg, Frank R. [Sen.-D-NJ]",2
"Spence, Floyd [Rep.-R-SC-2]",2
"Cruz, Ted [Sen.-R-TX]",2
"Rouzer, David [Rep.-R-NC-7]",2
"Wenstrup, Brad R. [Rep.-R-OH-2]",2
"Napolitano, Grace F. [Rep.-D-CA-32]",2
"Ross, Mike [Rep.-D-AR-4]",2
"Jackson, Jesse L., Jr. [Rep.-D-IL-2]",2
"Nunes, Devin [Rep.-R-CA-21]",2
"Faso, John J. [Rep.-R-NY-19]",2
"Israel, Steve [Rep.-D-NY-2]",2
"Shimkus, John [Rep.-R-IL-15]",2
"Amodei, Mark E. [Rep.-R-NV-2]",2
"Mast, Brian J. [Rep.-R-FL-18]",2
"Gramm, Phil [Sen.-R-TX]",2
"Calvert, Ken [Rep.-R-CA-44]",2
"Moulton, Seth [Rep.-D-MA-6]",2
"Souder, Mark E. [Rep.-R-IN-4]",2
"Watt, Melvin L. [Rep.-D-NC-12]",2
"Myrick, Sue Wilkins [Rep.-R-NC-9]",2
"Jeffords, James M. [Sen.-R-VT]",2
"Souder, Mark E. [Rep.-R-IN-3]",2
"Johnson, Mike [Rep.-R-LA-4]",2
"Krishnamoorthi, Raja [Rep.-D-IL-8]",2
"Holding, George [Rep.-R-NC-13]",2
"Richmond, Cedric L. [Rep.-D-LA-2]",2
"Meek, Carrie P. [Rep.-D-FL-17]",2
"Johnson, Nancy L. [Rep.-R-CT-6]",2
"Lieberman, Joseph I. [Sen.-D-CT]",2
"Kelly, Trent [Rep.-R-MS-1]",2
"Brown, Henry E., Jr. [Rep.-R-SC-1]",2
"Spratt, John M., Jr. [Rep.-D-SC-5]",2
"Schmidt, Jean [Rep.-R-OH-2]",2
"Roybal-Allard, Lucille [Rep.-D-CA-40]",2
"Murphy, Tim [Rep.-R-PA-18]",2
"Bateman, Herbert H. [Rep.-R-VA-1]",2
"Bonamici, Suzanne [Rep.-D-OR-1]",2
"Taylor, Gene [Rep.-D-MS-4]",2
"Bonilla, Henry [Rep.-R-TX-23]",2
"Gianforte, Greg [Rep.-R-MT-At Large]",2
"Perlmutter, Ed [Rep.-D-CO-7]",2
"Buerkle, Ann Marie [Rep.-R-NY-25]",2
"Sarbanes, John P. [Rep.-D-MD-3]",2
"Harder, Josh [Rep.-D-CA-10]",2
"Pastor, Ed [Rep.-D-AZ-2]",2
"Traficant, James A., Jr. [Rep.-D-OH-17]",2
"San Nicolas, Michael F. Q. [Del.-D-GU-At Large]",2
"Donovan, Daniel M., Jr. [Rep.-R-NY-11]",2
"Lance, Leonard [Rep.-R-NJ-7]",2
"Callahan, Sonny [Rep.-R-AL-1]",2
"Garrett, Thomas A., Jr. [Rep.-R-VA-5]",2
"Benishek, Dan [Rep.-R-MI-1]",2
"Stewart, Chris [Rep.-R-UT-2]",2
"DeGette, Diana [Rep.-D-CO-1]",2
"Rouda, Harley [Rep.-D-CA-48]",1
"Van Hollen, Chris [Rep.-D-MD-8]",1
"Eshoo, Anna G. [Rep.-D-CA-18]",1
"Labrador, Raul R. [Rep.-R-ID-1]",1
"Tierney, John F. [Rep.-D-MA-6]",1
"Lee, Barbara [Rep.-D-CA-9]",1
"Hayes, Jahana [Rep.-D-CT-5]",1
"Franken, Al [Sen.-D-MN]",1
"Farr, Sam [Rep.-D-CA-20]",1
"Klein, Ron [Rep.-D-FL-22]",1
"Warren, Elizabeth [Sen.-D-MA]",1
"Hanna, Richard L. [Rep.-R-NY-22]",1
"Miller, Gary G. [Rep.-R-CA-42]",1
"Nethercutt, George R., Jr. [Rep.-R-WA-5]",1
"Buchanan, Vern [Rep.-R-FL-16]",1
"Runyan, Jon [Rep.-R-NJ-3]",1
"Morelle, Joseph D. [Rep.-D-NY-25]",1
"Walters, Mimi [Rep.-R-CA-45]",1
"Plaskett, Stacey E. [Del.-D-VI-At Large]",1
"Byrd, Robert C. [Sen.-D-WV]",1
"Tauscher, Ellen O. [Rep.-D-CA-10]",1
"Fowler, Tillie [Rep.-R-FL-4]",1
"Costa, Jim [Rep.-D-CA-16]",1
"Hern, Kevin [Rep.-R-OK-1]",1
"Maffei, Daniel B. [Rep.-D-NY-25]",1
"Castor, Kathy [Rep.-D-FL-14]",1
"Fitzpatrick, Michael G. [Rep.-R-PA-8]",1
"Foster, Bill [Rep.-D-IL-14]",1
"Farenthold, Blake [Rep.-R-TX-27]",1
valor,1
"Martinez, Mel [Sen.-R-FL]",1
"Hill, Rick [Rep.-R-MT-At Large]",1
"LaFalce, John J. [Rep.-D-NY-29]",1
"Barragan, Nanette Diaz [Rep.-D-CA-44]",1
"Tuberville, Tommy [Sen.-R-AL]",1
"Lee, Barbara [Rep.-D-CA-13]",1
"Kihuen, Ruben J. [Rep.-D-NV-4]",1
"O.D. Department of Veterans Affairs Blind Rehabilitation Center\"\".\"",1
"Dorgan, Byron L. [Sen.-D-ND]",1
"Veasey, Marc A. [Rep.-D-TX-33]",1
"Blunt Rochester, Lisa [Rep.-D-DE-At Large]",1
"Harris, Andy [Rep.-R-MD-1]",1
"Polis, Jared [Rep.-D-CO-2]",1
"Costa, Jim [Rep.-D-CA-20]",1
"Diaz-Balart, Mario [Rep.-R-FL-25]",1
"Reynolds, Thomas M. [Rep.-R-NY-26]",1
"Ashcroft, John [Sen.-R-MO]",1
"Jones, Doug [Sen.-D-AL]",1
"McHugh, John M. [Rep.-R-NY-23]",1
"Cooper, Jim [Rep.-D-TN-5]",1
"Sanchez, Loretta [Rep.-D-CA-46]",1
"Moakley, John Joseph [Rep.-D-MA-9]",1
"Cardoza, Dennis A. [Rep.-D-CA-18]",1
"Crist, Charlie [Rep.-D-FL-13]",1
"Gosar, Paul A. [Rep.-R-AZ-1]",1
"Hoekstra, Peter [Rep.-R-MI-2]",1
"Markey, Betsy [Rep.-D-CO-4]",1
"Grayson, Alan [Rep.-D-FL-8]",1
"Barrow, John [Rep.-D-GA-12]",1
"Ehrlich, Robert L., Jr. [Rep.-R-MD-2]",1
"Murphy, Patrick J. [Rep.-D-PA-8]",1
"Dahlkemper, Kathleen A. [Rep.-D-PA-3]",1
"Pomeroy, Earl [Rep.-D-ND-At Large]",1
"Ruppersberger, C. A. Dutch [Rep.-D-MD-2]",1
"English, Phil [Rep.-R-PA-21]",1
"Torres Small, Xochitl [Rep.-D-NM-2]",1
"Manchin, Joe, III [Sen.-D-WV]",1
"Issa, Darrell E. [Rep.-R-CA-48]",1
"Barkley, Dean M. [Sen.-I-MN]",1
"Scalise, Steve [Rep.-R-LA-1]",1
"Clarke, Yvette D. [Rep.-D-NY-9]",1
16,1
"and for other purposes.\"",1
52,1
"Conyers, John, Jr. [Rep.-D-MI-13]",1
"Florida.\"",1
"Gibson, Christopher P. [Rep.-R-NY-19]",1
"Paul, Ron [Rep.-R-TX-14]",1
"Ferguson, Mike [Rep.-R-NJ-7]",1
"Schrader, Kurt [Rep.-D-OR-5]",1
"Moore, Blake D. [Rep.-R-UT-1]",1
"Escobar, Veronica [Rep.-D-TX-16]",1
"Biggs, Andy [Rep.-R-AZ-5]",1
"Linder, John [Rep.-R-GA-11]",1
"Aguilar, Pete [Rep.-D-CA-31]",1
"McCotter, Thaddeus G. [Rep.-R-MI-11]",1
"Shadegg, John B. [Rep.-R-AZ-3]",1
"Jeffords, James M. [Sen.-I-VT]",1
"LaTourette, Steven C. [Rep.-R-OH-19]",1
"Minge, David [Rep.-D-MN-2]",1
"Kratovil, Frank,  Jr. [Rep.-D-MD-1]",1
"Houghton, Amo [Rep.-R-NY-31]",1
"Delahunt, Bill [Rep.-D-MA-10]",1
"Payne, Donald M. [Rep.-D-NJ-10]",1
"Collins, Mac [Rep.-R-GA-3]",1
"Evans, Dwight [Rep.-D-PA-2]",1
"Goode, Virgil H., Jr. [Rep.-R-VA-5]",1
"Halvorson, Deborah L. [Rep.-D-IL-11]",1
"Capps, Lois [Rep.-D-CA-23]",1
"Vento, Bruce F. [Rep.-D-MN-4]",1
"Cheney, Liz [Rep.-R-WY-At Large]",1
"Abraham, Ralph Lee [Rep.-R-LA-5]",1
"Wasserman Schultz, Debbie [Rep.-D-FL-23]",1
"Pompeo, Mike [Rep.-R-KS-4]",1
"Rohrabacher, Dana [Rep.-R-CA-46]",1
"Hoeffel, Joseph M. [Rep.-D-PA-13]",1
"Stanton, Greg [Rep.-D-AZ-9]",1
"Minnick, Walter [Rep.-D-ID-1]",1
"Stark, Fortney Pete [Rep.-D-CA-13]",1
"Speier, Jackie [Rep.-D-CA-14]",1
"Cotton, Tom [Sen.-R-AR]",1
"Mack, Connie [Rep.-R-FL-14]",1
"McHugh, John M. [Rep.-R-NY-24]",1
"Ribble, Reid J. [Rep.-R-WI-8]",1
"Harman, Jane [Rep.-D-CA-36]",1
"Sherman, Brad [Rep.-D-CA-24]",1
"Clawson, Curt [Rep.-R-FL-19]",1
"Turner, Michael R. [Rep.-R-OH-3]",1
"Hawley, Josh [Sen.-R-MO]",1
"Peter Paige Post Office Building\"\".\"",1
educational,1
"Chambliss, Saxby [Rep.-R-GA-8]",1
"Kustoff, David [Rep.-R-TN-8]",1
"Palmer, Gary J. [Rep.-R-AL-6]",1
"Walker, Mark [Rep.-R-NC-6]",1
"Barrett, J. Gresham [Rep.-R-SC-3]",1
"Coleman, Norm [Sen.-R-MN]",1
"Doyle, Michael F. [Rep.-D-PA-18]",1
"Capuano, Michael E. [Rep.-D-MA-8]",1
"Northup, Anne M. [Rep.-R-KY-3]",1
"Condit, Gary A. [Rep.-D-CA-18]",1
"González-Colón, Jenniffer [Resident Commissioner-R-PR-At Large]",1
"Bilirakis, Gus M. [Rep.-R-FL-9]",1
"Quinn, Jack [Rep.-R-NY-30]",1
"Corzine, Jon S. [Sen.-D-NJ]",1
"Perry, Scott [Rep.-R-PA-4]",1
"Tlaib, Rashida [Rep.-D-MI-13]",1
"Gohmert, Louie [Rep.-R-TX-1]",1
"Cook, Paul [Rep.-R-CA-8]",1
"Peterson, John E. [Rep.-R-PA-5]",1
"Hinchey, Maurice D. [Rep.-D-NY-26]",1
"Murphy, Gregory [Rep.-R-NC-3]",1
"Estes, Ron [Rep.-R-KS-4]",1
"Hice, Jody B. [Rep.-R-GA-10]",1
01/04/2013,1
"Babin, Brian [Rep.-R-TX-36]",1
"Grucci, Felix J., Jr. [Rep.-R-NY-1]",1
"Roybal-Allard, Lucille [Rep.-D-CA-33]",1
"Campbell, Tom [Rep.-R-CA-15]",1
"Tsongas, Niki [Rep.-D-MA-3]",1
"Posey, Bill [Rep.-R-FL-15]",1
"Walorski, Jackie [Rep.-R-IN-2]",1
"Fleming, John [Rep.-R-LA-4]",1
"Feeney, Tom [Rep.-R-FL-24]",1
"Lankford, James [Sen.-R-OK]",1
"Rothfus, Keith J. [Rep.-R-PA-12]",1
"Arrington, Jodey C. [Rep.-R-TX-19]",1
"Deutch, Theodore E. [Rep.-D-FL-21]",1
"McIntyre, Mike [Rep.-D-NC-7]",1
"Perriello, Thomas S.P. [Rep.-D-VA-5]",1
"Shadegg, John B. [Rep.-R-AZ-4]",1
"2003.\"",1
"Goode, Virgil H., Jr. [Rep.-D-VA-5]",1
"Fletcher, Lizzie [Rep.-D-TX-7]",1
"Lee, Christopher J. [Rep.-R-NY-26]",1
"Duncan, John J., Jr. [Rep.-R-TN-2]",1
"Gottheimer, Josh [Rep.-D-NJ-5]",1
"Boyd, Allen [Rep.-D-FL-2]",1
"Osborne, Tom [Rep.-R-NE-3]",1
"Sutton, Betty [Rep.-D-OH-13]",1
"Melancon, Charlie [Rep.-D-LA-3]",1
"Hinchey, Maurice D. [Rep.-D-NY-22]",1
"Pelosi, Nancy [Rep.-D-CA-12]",1
"as the \"\"James M. Carter and Judith N. Keep United States Courthouse\"\".\"",1
"Hochul, Kathleen C. [Rep.-D-NY-26]",1
"Evans, Lane [Rep.-D-IL-17]",1
"Space, Zachary T. [Rep.-D-OH-18]",1
"Nelson, Ben [Sen.-D-NE]",1
"McAdams, Ben [Rep.-D-UT-4]",1
"Petri, Thomas E. [Rep.-R-WI-6]",1
"McCarthy, Kevin [Rep.-R-CA-22]",1
"Mitchell, Paul [Rep.-R-MI-10]",1
"Lewis, Jason [Rep.-R-MN-2]",1
"Lee, Susie [Rep.-D-NV-3]",1
"Castor, Kathy [Rep.-D-FL-11]",1
"Cunningham, Randy (Duke) [Rep.-R-CA-51]",1
"Rose, Max [Rep.-D-NY-11]",1
"Lucas, Frank D. [Rep.-R-OK-6]",1
"Campbell, John [Rep.-R-CA-45]",1
"Rigell, E. Scott [Rep.-R-VA-2]",1
"Moore, Gwen [Rep.-D-WI-4]",1
"Matsui, Doris O. [Rep.-D-CA-5]",1
"Slaughter, Louise McIntosh [Rep.-D-NY-28]",1
"Owens, William L. [Rep.-D-NY-23]",1
"Boyle, Brendan F. [Rep.-D-PA-13]",1
Kentucky,1
"Sununu, John E. [Rep.-R-NH-1]",1
"Carney, John C., Jr. [Rep.-D-DE-At Large]",1
"Flores, Bill [Rep.-R-TX-17]",1
"Sherwood, Don [Rep.-R-PA-10]",1
"Sires, Albio [Rep.-D-NJ-8]",1
"Foster, Bill [Rep.-D-IL-11]",1
"Higgins, Brian [Rep.-D-NY-26]",1
"Sherman, Brad [Rep.-D-CA-30]",1
"Brat, Dave [Rep.-R-VA-7]",1
"Hensarling, Jeb [Rep.-R-TX-5]",1
"McHenry, Patrick T. [Rep.-R-NC-10]",1
"Dooley, Calvin M. [Rep.-D-CA-20]",1
"Warnock, Raphael G. [Sen.-D-GA]",1
"Van Hollen, Chris [Sen.-D-MD]",1
"Rice, Kathleen M. [Rep.-D-NY-4]",1
"Deutch, Theodore E. [Rep.-D-FL-22]",1
"and Works\"\".\"",1
"Stutzman, Marlin A. [Rep.-R-IN-3]",1
"Scott, Rick [Sen.-R-FL]",1
"Kirk, Mark Steven [Sen.-R-IL]",1
"Hodes, Paul W. [Rep.-D-NH-2]",1
"Jacobs, Chris [Rep.-R-NY-27]",1
"and Modified Sources Review\"\".\"",1
"Coats, Daniel [Sen.-R-IN]",1
"Webb, Jim [Sen.-D-VA]",1
"Rokita, Todd [Rep.-R-IN-4]",1
"McNerney, Jerry [Rep.-D-CA-9]",1
"Lampson, Nick [Rep.-D-TX-22]",1
"Jr. Processing and Distribution Center\"\".\"",1
"Romero-Barcelo, Carlos A. [Resident Commissioner-D-PR-At Large]",1
"Serrano, Jose E. [Rep.-D-NY-16]",1
"Sherman, Brad [Rep.-D-CA-27]",1
"Johnson, Dusty [Rep.-R-SD-At Large]",1
"Renacci, James B. [Rep.-R-OH-16]",1
"Hall, Tony P. [Rep.-D-OH-3]",1
"Shuler, Heath [Rep.-D-NC-11]",1
"Smith, Bob [Sen.-R-NH]",1
"Kaufman, Edward E. [Sen.-D-DE]",1
"Neal, Richard E. [Rep.-D-MA-2]",1
"Gillibrand, Kirsten E. [Sen.-D-NY]",1
"Ellison, Keith [Rep.-D-MN-5]",1
"Boyda, Nancy E. [Rep.-D-KS-2]",1
"Delahunt, William D. [Rep.-D-MA-10]",1
"Wexler, Robert [Rep.-D-FL-19]",1
"Putnam, Adam H. [Rep.-R-FL-12]",1
"Latham, Tom [Rep.-R-IA-5]",1
"Edwards, Chet [Rep.-D-TX-11]",1
"Slotkin, Elissa [Rep.-D-MI-8]",1
"Alexander, Rodney [Rep.-R-LA-5]",1
"Beyer, Donald S., Jr. [Rep.-D-VA-8]",1
"Noem, Kristi L. [Rep.-R-SD-At Large]",1
"Becerra, Xavier [Rep.-D-CA-30]",1
"Stenholm, Charles W. [Rep.-D-TX-17]",1
"Blumenthal, Richard [Sen.-D-CT]",1
"Mitchell, Harry E. [Rep.-D-AZ-5]",1
"Underwood, Lauren [Rep.-D-IL-14]",1
"Udall, Mark [Sen.-D-CO]",1
"Wilson, Joe [Rep.-R-SC-2]",1
"Buyer, Steve [Rep.-R-IN-5]",1
"Gardner, Cory [Rep.-R-CO-4]",1
"and United States Court House\"\".\"",1
"Lofgren, Zoe [Rep.-D-CA-19]",1
"Bean, Melissa L. [Rep.-D-IL-8]",1
"Barrett, Thomas M. [Rep.-D-WI-5]",1
"Spanberger, Abigail Davis [Rep.-D-VA-7]",1
"Gabbard, Tulsi [Rep.-D-HI-2]",1
"Lipinski, William O. [Rep.-D-IL-3]",1
"Norwood, Charles W. [Rep.-R-GA-10]",1
"Bass, Karen [Rep.-D-CA-37]",1
"Poliquin, Bruce [Rep.-R-ME-2]",1
"\"Kuhl, John R. \"\"Randy\"\"",1
"Houghton, Amo [Rep.-R-NY-29]",1
"Brown, Anthony G. [Rep.-D-MD-4]",1
"Donnelly, Joe [Sen.-D-IN]",1
"Correa, J. Luis [Rep.-D-CA-46]",1
"Keating, William R. [Rep.-D-MA-10]",1
"Walberg, Timothy [Rep.-R-MI-7]",1
"Wild, Susan [Rep.-D-PA-7]",1
"Crow, Jason [Rep.-D-CO-6]",1
"Hanabusa, Colleen W. [Rep.-D-HI-1]",1
"Smith, Tina [Sen.-D-MN]",1
"Lowenthal, Alan S. [Rep.-D-CA-47]",1
"Rogers, Mike D. [Rep.-R-AL-3]",1
"Kilpatrick, Carolyn C. [Rep.-D-MI-13]",1
"Comer, James [Rep.-R-KY-1]",1
"Kagen, Steve [Rep.-D-WI-8]",1
"Forbes, J. Randy [Rep.-R-VA-4]",1
"Cramer, Robert E. (Bud), Jr. [Rep.-D-AL-5]",1
"Norman, Ralph [Rep.-R-SC-5]",1
"Valadao, David G. [Rep.-R-CA-21]",1
"Hunter, Duncan D. [Rep.-R-CA-50]",1
"Cassidy, Bill [Rep.-R-LA-6]",1
"Garcia, Joe [Rep.-D-FL-26]",1
"Jackson-Lee, Sheila [Rep.-D-TX-18]",1
"Riley, Bob [Rep.-R-AL-3]",1
"Hanabusa, Colleen [Rep.-D-HI-1]",1
"Jefferson, William J. [Rep.-D-LA-2]",1
"McKinney, Cynthia A. [Rep.-D-GA-4]",1
"Wasserman Schultz, Debbie [Rep.-D-FL-20]",1
"Sánchez, Linda T. [Rep.-D-CA-38]",1
"Honda, Michael M. [Rep.-D-CA-15]",1
"Fattah, Chaka [Rep.-D-PA-2]",1
1,1
"Giffords, Gabrielle [Rep.-D-AZ-8]",1
"Williams, Nikema [Rep.-D-GA-5]",1
"Blagojevich, Rod R. [Rep.-D-IL-5]",1
"Jones, Stephanie Tubbs [Rep.-D-OH-11]",1
"Taylor, Gene [Rep.-D-MS-5]",1
"\"Crawford, Eric A. \"\"Rick\"\" [Rep.-R-AR-1]\"",1
"Kildee, Dale E. [Rep.-D-MI-9]",1
"Ballance, Frank W.,  Jr. [Rep.-D-NC-1]",1
"Pappas, Chris [Rep.-D-NH-1]",1
"Porter, Katie [Rep.-D-CA-45]",1
"Garamendi, John [Rep.-D-CA-3]",1
a Louisiana postal worker who was killed in the line of duty on October 4,1
"Buyer, Steve [Rep.-R-IN-4]",1
"Horn, Kendra S. [Rep.-D-OK-5]",1
"Cline, Ben [Rep.-R-VA-6]",1
"Bachmann, Michele [Rep.-R-MN-6]",1
"Hagerty, Bill [Sen.-R-TN]",1
"Allen, Rick W. [Rep.-R-GA-12]",1
"Federal Building and United States Courthouse\"\".\"",1
"Moolenaar, John R. [Rep.-R-MI-4]",1
"Cunningham, Joe [Rep.-D-SC-1]",1
"Chu, Judy [Rep.-D-CA-27]",1
"Berkley, Shelley [Rep.-D-NV-1]",1
"Jenkins, Evan H. [Rep.-R-WV-3]",1
"DeSaulnier, Mark [Rep.-D-CA-11]",1
"Rooney, Francis [Rep.-R-FL-19]",1
"Barcia, James A. [Rep.-D-MI-5]",1
"Waxman, Henry A. [Rep.-D-CA-29]",1
"Packard, Ron [Rep.-R-CA-48]",1
"Keller, Fred [Rep.-R-PA-12]",1
"Rangel, Charles B. [Rep.-D-NY-13]",1
"Hutchinson, Tim [Sen.-R-AR]",1
"Pittenger, Robert [Rep.-R-NC-9]",1
"Sanders, Bernard [Rep.-I-VT-At Large]",1
"Napolitano, Grace F. [Rep.-D-CA-38]",1
"Johanns, Mike [Sen.-R-NE]",1
"Ewing, Thomas W. [Rep.-R-IL-15]",1
"Torres, Norma J. [Rep.-D-CA-35]",1
"McNulty, Michael R. [Rep.-D-NY-21]",1
"Cleland, Max [Sen.-D-GA]",1
"on National Wildlife Refuges in Alaska\"\".\"",1
"Hahn, Janice [Rep.-D-CA-44]",1
"Braley, Bruce L. [Rep.-D-IA-1]",1
"Platts, Todd Russell [Rep.-R-PA-19]",1
"Dunn, Neal P. [Rep.-R-FL-2]",1
"Womack, Steve [Rep.-R-AR-3]",1
"Allred, Colin Z. [Rep.-D-TX-32]",1
"Peters, Scott H. [Rep.-D-CA-52]",1
"Newhouse, Dan [Rep.-R-WA-4]",1
"Watson, Diane E. [Rep.-D-CA-32]",1
"Craig, Angie [Rep.-D-MN-2]",1
"O'Rourke, Beto [Rep.-D-TX-16]",1
"Tonko, Paul [Rep.-D-NY-21]",1
12,1
"Lynch, Stephen F. [Rep.-D-MA-9]",1
"Williams, Roger [Rep.-R-TX-25]",1
"Bryan, Richard H. [Sen.-D-NV]",1
"Chapter of the Triple Nickles (555th P.I.A.) Post Office\"\".\"",1
"Latham, Tom [Rep.-R-IA-3]",1
"Salazar, John T. [Rep.-D-CO-3]",1
"Culberson, John Abney [Rep.-R-TX-7]",1
"Franks, Bob [Rep.-R-NJ-7]",1
"to provide for the addition of certain donated lands to the Andersonville National Historic Site.\"",1
"Salmon, Matt [Rep.-R-AZ-1]",1
"Norcross, Donald [Rep.-D-NJ-1]",1
"Kim, Andy [Rep.-D-NJ-3]",1
"Mann, Tracey [Rep.-R-KS-1]",1
"McEachin, A. Donald [Rep.-D-VA-4]",1
"Lummis, Cynthia M. [Rep.-R-WY-At Large]",1
"Bennet, Michael F. [Sen.-D-CO]",1
"Ackerman, Gary L. [Rep.-D-NY-5]",1
"Pease, Edward A. [Rep.-R-IN-7]",1
"Malinowski, Tom [Rep.-D-NJ-7]",1
"Titus, Dina [Rep.-D-NV-1]",1
"Amash, Justin [Rep.-R-MI-3]",1
"Tsongas, Niki [Rep.-D-MA-5]",1
"Johnson, Timothy V. [Rep.-R-IL-15]",1
"DeMint, Jim [Rep.-R-SC-4]",1
"Ruiz, Raul [Rep.-D-CA-36]",1
"Ayotte, Kelly [Sen.-R-NH]",1
"Whitfield, Ed [Rep.-R-KY-1]",1
"Hayworth, J. D. [Rep.-R-AZ-5]",1
"Barr, Bob [Rep.-R-GA-7]",1
"Porter, John Edward [Rep.-R-IL-10]",1
"Nunes, Devin [Rep.-R-CA-22]",1
"Price, Tom [Rep.-R-GA-6]",1
"Speier, Jackie [Rep.-D-CA-12]",1
"Bourdeaux, Carolyn [Rep.-D-GA-7]",1
"Scott, Austin [Rep.-R-GA-8]",1
"Ross, Dennis A. [Rep.-R-FL-15]",1
"Higgins, Clay [Rep.-R-LA-3]",1
"Jenkins, Lynn [Rep.-R-KS-2]",1
"Danner, Pat [Rep.-D-MO-6]",1
"Latham, Tom [Rep.-R-IA-4]",1
"Lipinski, Daniel [Rep.-D-IL-3]",1
"Sestak, Joe [Rep.-D-PA-7]",1
"Carson, Brad [Rep.-D-OK-2]",1
